{"mean":{"confidence_interval":{"confidence_level":0.95,"lower_bound":79291031.878,"upper_bound":80375276.69775},"point_estimate":79800873.54,"standard_error":278088.75804014265},"median":{"confidence_interval":{"confidence_level":0.95,"lower_bound":78494067.5,"upper_bound":78811852.5},"point_estimate":78636571.5,"standard_error":90543.02571643447},"median_abs_dev":{"confidence_interval":{"confidence_level":0.95,"lower_bound":395651.8180757761,"upper_bound":846437.0813727374},"point_estimate":581067.2533839941,"standard_error":123397.14183266832},"slope":null,"std_dev":{"confidence_interval":{"confidence_level":0.95,"lower_bound":1961975.4404123244,"upper_bound":3457772.8695489126},"point_estimate":2794660.33408764,"standard_error":381943.3771164631}}