{"mean":{"confidence_interval":{"confidence_level":0.95,"lower_bound":362890174.30325,"upper_bound":367805371.29649997},"point_estimate":365288400.41,"standard_error":1257798.0380529335},"median":{"confidence_interval":{"confidence_level":0.95,"lower_bound":358853648.5,"upper_bound":365167971.0},"point_estimate":363144918.0,"standard_error":1560771.3464108093},"median_abs_dev":{"confidence_interval":{"confidence_level":0.95,"lower_bound":9163901.696833225,"upper_bound":15858348.18315804},"point_estimate":13211647.033846378,"standard_error":1676449.3246398652},"slope":null,"std_dev":{"confidence_interval":{"confidence_level":0.95,"lower_bound":10652401.943534754,"upper_bound":14524380.632241135},"point_estimate":12656357.172862599,"standard_error":991851.3627227286}}