{"mean":{"confidence_interval":{"confidence_level":0.95,"lower_bound":99234.51879011128,"upper_bound":102451.77488684954},"point_estimate":100688.30599114466,"standard_error":832.8644873569543},"median":{"confidence_interval":{"confidence_level":0.95,"lower_bound":96496.30158730158,"upper_bound":102685.15789473684},"point_estimate":97765.51666666666,"standard_error":2003.9171087366992},"median_abs_dev":{"confidence_interval":{"confidence_level":0.95,"lower_bound":2603.826530571077,"upper_bound":7448.302545941328},"point_estimate":5294.713854275894,"standard_error":1284.381123254898},"slope":{"confidence_interval":{"confidence_level":0.95,"lower_bound":101754.31391465935,"upper_bound":104595.33896110025},"point_estimate":103089.33842815625,"standard_error":727.8846621579312},"std_dev":{"confidence_interval":{"confidence_level":0.95,"lower_bound":4712.183130105765,"upper_bound":12189.426313131065},"point_estimate":8386.869658264808,"standard_error":2090.709980436624}}