{"mean":{"confidence_interval":{"confidence_level":0.95,"lower_bound":179948313.76725,"upper_bound":183263767.021},"point_estimate":181560045.24,"standard_error":843979.2024962176},"median":{"confidence_interval":{"confidence_level":0.95,"lower_bound":175776627.0,"upper_bound":180198292.0},"point_estimate":177151972.5,"standard_error":1419729.9009997505},"median_abs_dev":{"confidence_interval":{"confidence_level":0.95,"lower_bound":2051252.602052988,"upper_bound":7481069.739684463},"point_estimate":4092107.8787505627,"standard_error":1496111.2188267407},"slope":null,"std_dev":{"confidence_interval":{"confidence_level":0.95,"lower_bound":7196718.1703160545,"upper_bound":9546563.46678276},"point_estimate":8507474.38143626,"standard_error":599937.3324729213}}