{"mean":{"confidence_interval":{"confidence_level":0.95,"lower_bound":1318706.0937261905,"upper_bound":1394664.1290714291},"point_estimate":1355222.23047619,"standard_error":19420.29254266194},"median":{"confidence_interval":{"confidence_level":0.95,"lower_bound":1279684.6428571427,"upper_bound":1340855.3095238095},"point_estimate":1294474.9285714286,"standard_error":17284.303390328172},"median_abs_dev":{"confidence_interval":{"confidence_level":0.95,"lower_bound":107406.6726931503,"upper_bound":185342.92910950494},"point_estimate":152615.59369053168,"standard_error":18929.288641261366},"slope":null,"std_dev":{"confidence_interval":{"confidence_level":0.95,"lower_bound":150824.4242255871,"upper_bound":236231.65464949203},"point_estimate":195751.31945559563,"standard_error":21889.44490443329}}