{"mean":{"confidence_interval":{"confidence_level":0.95,"lower_bound":4207933.706357144,"upper_bound":4336471.432071429},"point_estimate":4270403.844285715,"standard_error":32741.197966878368},"median":{"confidence_interval":{"confidence_level":0.95,"lower_bound":4132062.8571428573,"upper_bound":4349418.571428572},"point_estimate":4258715.714285715,"standard_error":53422.24617252559},"median_abs_dev":{"confidence_interval":{"confidence_level":0.95,"lower_bound":241667.81990953756,"upper_bound":394214.64125879057},"point_estimate":327078.1804932016,"standard_error":36088.552363223},"slope":null,"std_dev":{"confidence_interval":{"confidence_level":0.95,"lower_bound":267835.6575945017,"upper_bound":387170.45806658774},"point_estimate":329768.5456312793,"standard_error":30538.887862879754}}