{"mean":{"confidence_interval":{"confidence_level":0.95,"lower_bound":14071705.204166664,"upper_bound":14446123.158999998},"point_estimate":14254301.206666656,"standard_error":95426.48286470847},"median":{"confidence_interval":{"confidence_level":0.95,"lower_bound":13917611.0,"upper_bound":14207651.5},"point_estimate":14048673.0,"standard_error":77724.60579359338},"median_abs_dev":{"confidence_interval":{"confidence_level":0.95,"lower_bound":624475.5567133427,"upper_bound":1046018.5123294573},"point_estimate":825134.096550941,"standard_error":99821.62592709434},"slope":null,"std_dev":{"confidence_interval":{"confidence_level":0.95,"lower_bound":783487.2885625509,"upper_bound":1111207.0791582752},"point_estimate":957407.5847843725,"standard_error":84016.10590607802}}