{"mean":{"confidence_interval":{"confidence_level":0.95,"lower_bound":39969274.172749996,"upper_bound":40597833.688},"point_estimate":40267918.15,"standard_error":160663.77476120173},"median":{"confidence_interval":{"confidence_level":0.95,"lower_bound":39466543.5,"upper_bound":39582677.0},"point_estimate":39522208.5,"standard_error":30857.21573190323},"median_abs_dev":{"confidence_interval":{"confidence_level":0.95,"lower_bound":175307.80998766422,"upper_bound":357669.08935010433},"point_estimate":255994.60705518723,"standard_error":47360.13211156676},"slope":null,"std_dev":{"confidence_interval":{"confidence_level":0.95,"lower_bound":1221026.7962360366,"upper_bound":1933867.0297004913},"point_estimate":1616714.4650539602,"standard_error":182235.68367255866}}